Airport,LatLong
K9MN,44.0206 -92.4829
KDDC,37.7608 -99.9683
KVQQ,30.2129 -81.8707
KDDH,42.8935 -73.2486
KOTM,41.1008 -92.4445
KOTH,43.4195 -124.2437
KOTG,43.6551 -95.5792
KBXK,33.4204 -112.6862
K3LF,39.1605 -89.6742
KU31,39.5000 -117.0833
KNHK,38.2860 -76.4118
KS14,44.3500 -112.1833
KNHZ,43.8922 -69.9386
KPAH,37.0564 -88.7739
KFPK,42.5764 -84.8124
KADM,34.3007 -97.0089
KGWW,35.4606 -77.9649
KSDY,47.7069 -104.1926
K5H4,47.7912 -99.9317
KLLJ,44.5230 -114.2161
KSDB,34.7434 -118.7253
KSDA,40.7533 -95.4112
KLLQ,33.6360 -91.7555
KFPR,27.4981 -80.3767
KD55,48.7531 -98.3937
KADU,41.7014 -94.9205
KSDL,33.6123 -111.9232
KSDM,32.5723 -116.9802
KMRF,30.3707 -104.0118
KMRB,39.4037 -77.9750
KBXA,30.8137 -89.8650
KMRN,35.8192 -81.6097
KMRJ,42.8875 -90.2315
KMRH,34.7326 -76.6566
KMRT,40.2247 -83.3516
KP08,32.9359 -111.4265
KMRY,36.5905 -121.8487
KSRB,36.0528 -85.5359
KSRC,35.2135 -91.7393
KSRE,35.2747 -96.6752
K48I,38.6869 -80.6517
KSRQ,27.4014 -82.5586
KSRR,33.4668 -105.5278
KJBR,35.8317 -90.6464
KVCV,34.5975 -117.3830
KVCT,28.8625 -96.9297
KOZW,42.6294 -83.9842
KBJI,47.5076 -94.9278
K1B7,29.3540 -89.4359
KOZR,31.2767 -85.7110
KBJJ,40.8731 -81.8867
KGAO,29.4447 -90.2611
KBJC,39.9008 -105.1042
KVCB,38.3775 -121.9585
KOZA,30.7350 -101.2030
KFRG,40.7344 -73.4164
KWST,41.3509 -71.8054
K11R,30.2189 -96.3742
KTOP,39.0725 -95.6261
KTOR,42.0613 -104.1584
KTOA,33.8034 -118.3396
KTOB,44.0203 -92.8295
KTOC,34.5940 -83.2960
KTOL,41.5870 -83.8054
KTOI,31.8606 -86.0122
KTAZ,39.5351 -89.3294
KMLT,45.6478 -68.6925
KMLU,32.5156 -92.0299
KMLP,47.4542 -115.6697
K06D,48.8844 -99.6208
KTAN,41.8756 -71.0211
KMLS,46.4267 -105.8825
KMLI,41.4482 -90.5236
KMLJ,33.1542 -83.2406
KMLD,42.1666 -112.2966
KMLE,41.1960 -96.1123
KTAD,37.2622 -104.3318
KMLB,28.0997 -80.6356
KMLC,34.8822 -95.7831
KGOP,31.4213 -97.7970
KGOV,44.6803 -84.7289
KWEY,44.6500 -111.1000
KIOW,41.6394 -91.5445
KGOK,35.8517 -97.4142
KGOO,39.2240 -121.0030
KGON,41.3279 -72.0489
KRQO,35.4728 -98.0058
KRQE,35.6575 -109.0614
KRQB,43.7224 -85.4977
KEKQ,36.8553 -84.8561
KGSB,35.3446 -77.9458
KGSO,36.0969 -79.9432
KGSH,41.5263 -85.7862
KEKA,40.8034 -124.1128
KSMX,34.8941 -120.4521
KD95,43.0665 -83.2716
KNYL,32.6566 -114.6060
KGSP,34.8839 -82.2208
KNYC,40.7790 -73.9692
KEKM,41.7222 -86.0001
KAKO,40.1743 -103.2146
KEKO,40.8240 -115.7863
KNYG,38.5033 -77.3013
KROG,36.3724 -94.1070
KPOU,41.6257 -73.8816
KPOV,41.2090 -81.2479
KROA,37.3169 -79.9742
KEYW,24.5571 -81.7554
KROW,33.3074 -104.5082
KPOB,35.1753 -79.0077
KPOC,34.0928 -117.7794
KPOE,31.0448 -93.1916
KPOF,36.7739 -90.3249
KCAD,44.2785 -85.4207
KEYE,39.8250 -86.2958
KWAL,37.9372 -75.4662
KHGR,39.7062 -77.7304
KERY,46.3111 -85.4572
KF70,33.5742 -117.1285
KPSF,42.4269 -73.2890
KFYV,36.0103 -94.1678
KPSC,46.2696 -119.1181
KPSM,43.0779 -70.8233
KPSN,31.7784 -95.7047
KPSO,37.2863 -107.0560
KNKX,32.8645 -117.1366
KPSK,37.1373 -80.6785
KPSP,33.8222 -116.5043
KNKA,39.1167 -94.6000
KPSX,28.7248 -96.2535
KFSW,40.6615 -91.3267
KFST,30.9119 -102.9167
KJSV,35.4381 -94.8028
KJST,40.3149 -78.8307
KAEL,43.6822 -93.3722
KSET,38.9297 -90.4300
KFHU,31.5883 -110.3442
KAEG,35.1450 -106.7950
KSEP,32.2153 -98.1777
KLKR,34.7229 -80.8546
KAEX,31.3347 -92.5586
KLKU,38.0097 -77.9700
KLKV,42.1566 -120.3972
KSEE,32.8274 -116.9737
KFSO,44.9412 -73.0997
KSEG,40.8193 -76.8658
KFSM,35.3335 -94.3652
KSEA,47.4447 -122.3144
KJSO,31.8693 -95.2174
KFSI,34.6449 -98.4033
KCKC,47.8366 -90.3864
KADH,34.8043 -96.6712
KHUL,46.1185 -67.7928
KUDG,34.4494 -79.8901
KASX,46.5468 -90.9184
KHUF,39.4429 -87.3221
KAST,46.1569 -123.8825
KFAR,46.9112 -96.8147
KFAT,36.7800 -119.7194
KCKN,47.8404 -96.6201
KCKM,34.2997 -90.5123
KHUA,34.6787 -86.6848
KASL,32.5205 -94.3078
KCKP,42.7317 -95.5558
KFAM,37.7626 -90.4293
KASJ,36.2975 -77.1708
KASE,39.2299 -106.8705
KASD,30.3433 -89.8222
KASG,36.1802 -94.1175
KUGN,42.4255 -87.8634
KFAF,37.1325 -76.6088
KDUJ,41.1795 -78.8933
KDUH,41.7358 -83.6553
KXVW,34.7275 -120.5783
KDUB,43.5484 -109.6903
KDUC,34.4778 -97.9616
KDUA,33.9422 -96.3944
KDUG,31.4584 -109.6068
KDUX,35.8580 -102.0130
KAPG,39.4662 -76.1688
KXVG,46.9900 -94.2039
KSSI,31.1522 -81.3908
KADC,46.4502 -95.2135
KSSC,33.9727 -80.4706
KW99,38.9949 -79.1459
KSSF,29.3389 -98.4717
KJEF,38.5912 -92.1561
KJER,42.7274 -114.4547
KADG,41.8678 -84.0794
KAPN,45.0717 -83.5644
KBMI,40.4774 -88.9143
KBML,44.5754 -71.1759
KVBT,36.3444 -94.2211
KONO,44.0142 -117.0081
KBMG,39.1432 -86.6168
KJPD,44.1466 -107.1744
KFAY,34.9896 -78.8801
KSDF,38.1744 -85.7360
KBMT,30.0710 -94.2160
KDCA,38.8472 -77.0345
KVPS,30.4833 -86.5254
KDCM,34.7893 -81.1958
KDCU,34.6525 -86.9453
KOUN,35.2435 -97.4708
KVPC,34.1159 -84.8506
KDCY,38.7004 -87.1297
K3MW,40.4490 -106.7492
KADS,32.9686 -96.8364
KONZ,42.0986 -83.1611
KADW,38.8108 -76.8670
KKLS,46.1155 -122.8927
KAIT,46.5490 -93.6757
KMMV,45.1945 -123.1361
KMMU,40.7989 -74.4163
KMMT,33.9208 -80.8013
KMML,44.4505 -95.8219
KMMK,41.5097 -72.8278
KMMI,35.3992 -84.5618
KMMH,37.6240 -118.8380
KMRC,35.5544 -87.1791
KLWD,40.6306 -93.9008
KGLY,38.3566 -93.6842
KGLW,37.0318 -85.9537
KGLR,45.0166 -84.6894
KGLS,29.2653 -94.8604
KGLH,33.4829 -90.9856
KCEY,36.6646 -88.3728
KGLD,39.3675 -101.6931
KGLE,33.6514 -97.1969
KLWA,42.3508 -86.2561
KLWC,39.0083 -95.2117
KMSL,34.7439 -87.5996
KMSO,46.9208 -114.0925
KMSN,43.1406 -89.3453
KCEU,34.6722 -82.8814
KMSS,44.9358 -74.8455
KMSV,41.7016 -74.7950
KMSY,29.9928 -90.2508
KPNS,30.4781 -87.1869
KUCY,36.3797 -88.9857
KRND,29.5297 -98.2789
KPNT,40.9233 -88.6213
KRNH,45.1476 -92.5335
KRNM,33.0375 -116.9158
KRNO,39.5078 -119.7682
KPNC,36.7311 -97.0997
KRNP,42.9931 -84.1389
KPNA,42.7956 -109.8069
KGBG,40.9329 -90.4334
KRNT,47.4951 -122.2144
KPNE,40.0789 -75.0134
KRNV,33.7611 -90.7579
KGBN,32.8875 -112.7200
KPNM,45.5643 -93.6080
KEZF,38.2662 -77.4494
KCZZ,32.6261 -116.4683
KEZM,32.2140 -83.1280
KJXN,42.2617 -84.4615
KEZS,44.7871 -88.5640
KCKB,39.2966 -80.2281
KHFD,41.7367 -72.6494
KHFJ,36.9062 -94.0128
KCZK,45.6769 -121.8789
K8S0,48.6011 -113.1147
K12N,41.0093 -74.7363
KTNU,41.6701 -93.0190
KIRS,41.8153 -85.4376
K8A0,34.2291 -86.2558
KIRK,40.0966 -92.5470
KTNB,36.1986 -81.6517
KHIF,41.1111 -111.9623
KCHO,38.1374 -78.4552
KCHJ,44.7500 -109.3700
KHTL,44.3591 -84.6739
KHTO,40.9596 -72.2519
KCHD,33.2691 -111.8111
KATS,32.8524 -104.4644
KATT,30.3207 -97.7601
KATW,44.2595 -88.5157
KATL,33.6301 -84.4418
KIFP,35.1575 -114.5594
KHTS,38.3650 -82.5550
KCHS,32.8986 -80.0405
KDTW,42.2314 -83.3308
KDTS,30.3934 -86.4674
KCKF,31.9888 -83.7739
KHIO,45.5476 -122.9557
KDTL,46.8285 -95.8857
KDTO,33.2050 -97.2006
KDTN,32.5425 -93.7447
KRPJ,41.8906 -89.0817
KRPH,33.1100 -98.5553
KRPD,45.4186 -91.7764
K87Q,35.6656 -121.2847
KEDU,38.5315 -121.7865
KGPH,39.3325 -94.3096
KEDW,34.9054 -117.8837
KGPM,32.6988 -97.0469
KECU,29.9469 -100.1739
KGPT,30.4119 -89.0808
KEHA,37.0008 -101.8800
KGPZ,47.2111 -93.5097
KEDE,36.0277 -76.5671
KNXF,33.2860 -117.4560
KEDC,30.3925 -97.5621
KT82,30.2432 -98.9092
KDBN,32.5633 -82.9854
KDBQ,42.3984 -90.7091
KBZN,45.7881 -111.1608
KVSF,43.3421 -72.5213
KEHY,41.7253 -106.4594
KVSH,29.9526 -90.0826
KPRG,39.6982 -87.6669
KPRC,34.6491 -112.4223
KPRB,35.6694 -120.6291
K3J7,33.5978 -83.1389
KPRO,41.8280 -94.1598
KPRN,31.8457 -86.6107
KPRS,29.6342 -104.3615
KNJK,32.8250 -115.6606
KNJM,34.6940 -77.0294
KPRZ,34.1436 -103.4109
KPRX,33.6366 -95.4507
KCFD,30.7157 -96.3314
KSBY,38.3405 -75.5103
KHZE,47.2900 -101.5810
KLJF,45.0949 -94.5084
KAFP,35.0194 -80.0784
KSBP,35.2368 -120.6420
KSBS,40.5153 -106.8677
KAFF,38.9697 -104.8131
KCFV,37.0912 -95.5726
KHZR,30.7183 -91.4787
KSBN,41.7072 -86.3164
KCFS,43.4588 -83.4455
KFRI,39.0559 -96.7617
KAFO,42.7112 -110.9422
KFRM,43.6455 -94.4168
KAFK,40.6065 -95.8635
KHZY,41.7780 -80.6955
KHZX,46.6190 -93.3127
K5T6,31.8798 -106.6973
KP69,46.1442 -115.5964
KP68,39.6014 -116.0056
KP60,44.5444 -110.4211
KP67,46.1000 -97.1500
KOKM,35.6681 -95.9486
KFHB,30.6118 -81.4612
K7R3,29.6931 -91.0986
KSPW,43.1683 -95.2101
KSPS,33.9786 -98.4928
KBFD,41.7984 -78.6354
KSPF,44.4804 -103.7880
KSPG,27.7685 -82.6256
KSPD,37.2833 -102.6139
KSPB,45.7691 -122.8637
KSPA,34.9157 -81.9565
KSPL,26.0711 -97.1577
K46D,47.4510 -99.1510
KSPI,39.8453 -89.6840
KOXR,34.2001 -119.2041
KBLI,48.7991 -122.5406
KBLH,33.6192 -114.7169
KOXV,41.2984 -93.1114
KBLM,40.1822 -74.1207
KBLF,37.2958 -81.2077
KOXB,38.3104 -75.1240
KOXC,41.4741 -73.1354
KOXI,41.3302 -86.6648
KBLV,38.5452 -89.8352
KBLU,39.2750 -120.7097
K1V6,38.4280 -105.1058
K1V4,44.4201 -72.0193
KBFU,43.9325 -105.4465
KTMB,25.6423 -80.4347
KISM,28.2924 -81.4372
KTMA,31.4290 -83.4890
KTME,29.8050 -95.8979
KTMK,45.4210 -123.8144
KTMH,43.1235 -106.3375
KMNZ,31.6659 -98.1486
KONL,42.4700 -98.6880
KONM,34.0263 -106.9037
K04W,46.0244 -92.8991
K04V,38.0972 -106.1689
KONA,44.0772 -91.7083
KCKI,33.7172 -79.8570
KONX,36.3989 -76.0164
KMNH,39.2231 -104.6422
KMNI,33.5870 -80.2090
KMNN,40.6163 -83.0635
KMNM,45.1263 -87.6444
KONP,44.5804 -124.0579
K0J4,31.0425 -86.3117
KONT,34.0532 -117.5768
KMNE,32.6460 -93.2980
K2J9,30.5979 -84.5574
KIAH,29.9844 -95.3607
KIAG,43.1083 -78.9382
KIAD,38.9348 -77.4473
KGMU,34.8487 -82.3500
KIAB,37.6219 -97.2682
KGMJ,36.6050 -94.7383
KGCC,44.3394 -105.5419
KXNA,36.2898 -94.3114
KIWI,43.9640 -69.7108
KBMQ,30.7406 -98.2353
KE80,34.6452 -106.8337
KRSP,39.6450 -77.4680
KRSV,39.0136 -87.6485
KRSW,26.5381 -81.7567
KCKV,36.6169 -87.4117
KRSN,32.5144 -92.5883
KRSL,38.8728 -98.8131
KPMD,34.6294 -118.0831
KPCW,41.5163 -82.8695
KGCK,37.9275 -100.7244
KEET,33.1783 -86.7817
KPCZ,44.3342 -89.0202
KEEO,40.0444 -107.8883
KEEN,42.8984 -72.2708
KPCM,28.0013 -82.1593
KEED,34.7675 -114.6189
KRAL,33.9530 -117.4349
KTTD,45.5511 -122.4089
KPMV,40.9500 -95.9178
KISO,35.3314 -77.6088
KISN,48.1739 -103.6367
KPMP,26.2464 -80.1110
KRAC,42.7586 -87.8178
KY22,45.9167 -102.1667
KISW,44.3592 -89.8369
KGCD,44.4029 -118.9672
KISQ,45.9746 -86.1718
KISP,40.7939 -73.1017
KGCN,35.9458 -112.1554
KGCM,36.2927 -95.4796
KRAP,44.0459 -103.0544
KRAS,27.8118 -97.0888
KHEZ,31.6159 -91.2972
KHEY,31.3460 -85.6543
KHEQ,40.5716 -102.2768
KHEI,46.0149 -102.6560
KHEF,38.7214 -77.5154
KRDD,40.5146 -122.2977
KPQN,43.9854 -96.2976
KPQL,30.4628 -88.5292
KNEL,40.0366 -74.3525
KPHP,44.0511 -101.6011
KCGF,41.5651 -81.4864
KAGS,33.3644 -81.9633
KHYA,41.6720 -70.2697
KCGC,28.8660 -82.5741
KHYI,29.8958 -97.8664
KUSE,41.6101 -84.1272
KLIC,39.2733 -103.6674
KCGI,37.2253 -89.5708
KHYR,46.0303 -91.4426
KHYS,38.8391 -99.2742
KAGC,40.3552 -79.9214
KSCH,42.8525 -73.9289
KCGS,38.9806 -76.9223
KHYW,33.8285 -79.1222
KHYX,43.4319 -83.8648
KCGZ,32.9549 -111.7668
KCIN,42.0444 -94.7889
KAUS,30.1945 -97.6699
KCIC,39.7988 -121.8580
KAUW,44.9276 -89.6251
KCID,41.8830 -91.7246
KAUO,32.6151 -85.4340
KAUN,38.9554 -121.0864
KAUM,43.6688 -92.9320
KCIR,37.0639 -89.2232
KUAO,45.2466 -122.7709
KAUD,29.9333 -90.1333
KDSV,42.5709 -77.7131
KFCM,44.8322 -93.4705
KFCI,37.4066 -77.5224
KFCS,38.6784 -104.7566
KDSM,41.5340 -93.6531
KLGD,45.2907 -118.0088
KLGA,40.7794 -73.8803
KLGB,33.8118 -118.1472
KLGC,33.0062 -85.0661
KLGU,41.7865 -111.8519
KSQI,41.7432 -89.6655
KSJT,31.3514 -100.4939
K7L2,46.2180 -100.2450
KSQL,37.5119 -122.2483
KNGU,36.9375 -76.2893
KBOW,27.9471 -81.7811
KLND,42.8154 -108.7261
KBOS,42.3606 -71.0097
KCCR,37.9917 -122.0519
KDOV,39.1295 -75.4660
KVLL,42.5429 -83.1779
KVLD,30.7763 -83.2739
KBOK,42.0744 -124.2900
KBOI,43.5670 -116.2405
KDAN,36.5729 -79.3361
KDAL,32.8542 -96.8551
KNEW,30.0494 -90.0289
KP53,46.4119 -86.6508
KW22,39.0010 -80.2712
KM89,34.0997 -93.0661
KDAB,29.1735 -81.0719
KW29,38.9767 -76.3300
KP58,44.0219 -82.7931
KDAA,38.7150 -77.1810
KZZV,39.9444 -81.8921
KDAY,39.9061 -84.2186
KDAW,43.2794 -70.9243
KVRB,27.6556 -80.4179
KFVE,47.2855 -68.3127
KTIK,35.4147 -97.3866
KOOA,41.2261 -92.4938
KDZB,30.5271 -98.3588
KMOD,37.6255 -120.9549
KMOB,30.6883 -88.2456
KMOT,48.2520 -101.2689
KMOP,43.6229 -84.7430
KMOX,45.5677 -95.9659
KDFI,41.3357 -84.4285
KCGE,38.5393 -76.0304
KIER,31.7358 -93.0992
K4CR,34.1000 -105.6833
KSFO,37.6196 -122.3656
KITH,42.4908 -76.4583
KPLU,47.1039 -122.2872
KBRX,41.9305 -104.9450
KITR,39.2415 -102.2819
KPLN,45.5644 -84.7929
KLVJ,29.5189 -95.2417
KMLF,38.4225 -113.0109
KSCK,37.8900 -121.2264
KETH,45.7828 -96.5461
KCXY,40.2184 -76.8552
KETB,43.4226 -88.1326
KETC,35.9373 -77.5465
KWDG,36.3792 -97.7911
KHDO,29.3594 -99.1742
KHDN,40.4812 -107.2177
KHDC,30.5208 -90.4175
KHDE,40.4521 -99.3365
KWVI,36.9394 -121.7900
KIOB,38.0575 -83.9829
KWVL,44.5333 -69.6755
KLIT,34.7273 -92.2357
KI16,37.6004 -81.5593
KTLH,30.3935 -84.3513
KD60,48.3810 -102.8980
KLZU,33.9829 -83.9584
KCVS,34.3828 -103.3221
KLZZ,31.1059 -98.1975
KCVX,45.3047 -85.2747
KCVG,39.0446 -84.6723
KCVB,29.3430 -98.8497
KHJO,36.3115 -119.6231
KCVN,34.4227 -103.0802
KCVO,44.4971 -123.2895
KCVH,36.8933 -121.4103
KHJH,40.1493 -97.5872
KAVC,36.6883 -78.0545
KFBG,35.1314 -78.9316
KDRT,29.3742 -100.9272
KAVL,35.4319 -82.5375
KHKS,32.3348 -90.2225
KAVK,36.7732 -98.6699
KDRC,42.8367 -105.8618
KDRA,36.6207 -116.0287
KFBR,41.3941 -110.4059
KAVP,41.3335 -75.7227
KDRI,30.8317 -93.3399
KDRO,37.1431 -107.7602
KF05,34.2257 -99.2837
KIDP,37.1584 -95.7784
KDVO,38.1418 -122.5546
KHKY,35.7422 -81.3822
KTZR,39.9012 -83.1369
KGVL,34.2719 -83.8303
KIDV,43.8989 -106.6390
KRRL,45.1984 -89.7100
KEFT,42.6196 -89.5931
KPBG,44.6509 -73.4681
KPBF,34.1798 -91.9344
K6A1,32.5670 -84.2510
K6A2,33.2270 -84.2750
KGVT,33.0678 -96.0653
KPBI,26.6851 -80.0992
KPBH,45.7064 -90.4052
KT65,26.1775 -97.9731
KT62,40.3167 -112.3000
KCIU,46.2532 -84.4771
K3HT,46.4333 -109.8333
KCRQ,33.1283 -117.2801
KPPO,41.5725 -86.7345
KN60,47.6458 -101.4394
KPPF,37.3278 -95.5042
KPPA,35.6130 -100.9963
KPPQ,39.6391 -90.7818
KCNY,38.7501 -109.7626
KCDC,37.7067 -113.0970
KCDA,44.5691 -72.0180
KLHM,38.9092 -121.3513
KCDJ,39.8233 -93.5792
KHXD,32.2244 -80.6975
KCDH,33.6228 -92.7634
KLHB,30.8721 -96.6222
KCDN,34.2836 -80.5649
KAHQ,41.2406 -96.5946
K9A1,33.6325 -83.8496
KCDR,42.8374 -103.0981
KLHX,38.0495 -103.5133
KAHN,33.9486 -83.3263
KLHZ,36.0229 -78.3341
KCDW,40.8764 -74.2828
KY19,46.7680 -100.8940
KY70,42.9380 -85.0605
KLHQ,39.7556 -82.6571
KULM,44.3227 -94.5024
KLHW,31.8872 -81.5624
KHRT,30.4278 -86.6893
KTIX,28.5148 -80.7992
KLRU,32.2885 -106.9132
KARM,29.2543 -96.1544
KLRJ,42.7748 -96.1924
KEBS,42.4372 -93.8724
KHRL,26.2285 -97.6544
KENV,40.7187 -114.0309
KHND,35.9766 -115.1322
K4BM,39.0503 -105.5144
K4BL,37.6167 -109.4667
KJFX,33.9020 -87.3140
KJFZ,37.0620 -81.7977
KLFK,31.2359 -94.7546
KLFI,37.0829 -76.3605
KLFT,30.2115 -91.9810
K1F0,34.1469 -97.1225
KJFK,40.6392 -73.7639
KBNW,42.0486 -93.8486
KDNN,34.7217 -84.8689
KDNL,33.4669 -82.0384
KDNK,31.1106 -93.1533
KNBT,35.0222 -76.4625
KBNA,36.1189 -86.6892
KDNV,40.2031 -87.5897
KDNS,41.9842 -95.3800
KJVL,42.6213 -89.0419
KCNC,41.0185 -93.3608
KBNL,33.2578 -81.3883
KBNO,43.5949 -118.9579
KWWR,36.4367 -99.5208
K3T5,29.9080 -96.9500
KOPN,32.9539 -84.2594
KWWD,39.0108 -74.9079
KOPL,30.5584 -92.0994
KTKV,45.4680 -89.8096
KTKI,33.1779 -96.5905
KTKC,44.2495 -95.6119
KOLV,34.9787 -89.7869
KOLU,41.4480 -97.3426
KOLS,31.4208 -110.8458
KOLZ,42.6832 -91.9759
KOLY,38.7213 -88.1799
KOLF,48.0945 -105.5751
KOLE,42.2413 -78.3714
KOLM,46.9733 -122.9033
KICT,37.6472 -97.4294
KMHE,43.7748 -98.0386
KICR,43.3906 -99.8422
K3TH,47.6000 -115.3667
KMHK,39.1353 -96.6778
KMHR,38.5600 -121.2840
KMHS,41.3149 -122.3170
KMHT,42.9296 -71.4356
KMHV,35.0594 -118.1519
KICL,40.7242 -95.0222
KEKN,38.8853 -79.8528
KTYR,32.3541 -95.4024
KTYS,35.8180 -83.9857
KTYQ,40.0307 -86.2514
KVAD,30.9791 -83.1925
KROC,43.1167 -77.6767
KGWO,33.4943 -90.0847
KRUE,35.2574 -93.0949
KPAT,42.5587 -106.8474
KRUG,48.3904 -100.0243
KGWB,41.3072 -85.0644
KRUQ,35.6442 -80.5236
KRUT,43.5349 -72.9514
KPAE,47.9233 -122.2831
KGWR,46.2187 -97.6435
KD50,48.9290 -103.2970
KPAN,34.2570 -111.3390
KD57,46.8128 -101.8602
KPAM,30.0644 -85.5637
KRCM,38.7842 -93.8029
KRCA,44.1451 -103.1036
KRCE,35.4881 -97.8236
KRCZ,34.8954 -79.7575
KRCX,45.4935 -90.9985
KGAI,39.1696 -77.1655
KRCR,41.0655 -86.1817
KGAD,33.9726 -86.0891
KGAG,36.2967 -99.7689
KGAF,48.4047 -97.3709
KEUL,43.6405 -116.6302
KEUG,44.1246 -123.2120
KEUF,31.9516 -85.1312
KCYS,41.1579 -104.8081
KJQF,35.3896 -80.7074
KYIP,42.2367 -83.5264
KROS,45.6963 -92.9542
KPWK,42.1208 -87.9047
KPWM,43.6424 -70.3044
KPWA,35.5342 -97.6471
KNGP,27.6926 -97.2911
KPWC,46.7265 -94.3849
KPWG,31.4849 -97.3165
KPWT,47.4903 -122.7648
KLWT,47.0493 -109.4667
KLWV,38.7605 -87.5990
KAIZ,38.1005 -92.5474
KLWS,46.3745 -117.0154
KCEF,42.1940 -72.5348
KCEC,41.7837 -124.2380
KEYF,34.6042 -78.5790
KAIO,41.4059 -95.0465
KAIK,33.6509 -81.6821
KROX,48.8560 -95.6971
KLWB,37.8583 -80.3995
KCEZ,37.3071 -108.6264
KAIG,45.1566 -89.1114
KLWM,42.7126 -71.1255
KCEW,30.7771 -86.5194
KAID,40.1061 -85.6098
KAIB,38.2390 -108.5668
KAIA,42.0572 -102.8000
KEGE,39.6443 -106.9144
KCWV,32.1951 -81.8696
KNUI,38.1460 -76.4285
KLYV,43.6217 -96.2139
KUCP,41.0254 -80.4134
KHIB,47.3804 -92.8324
KCWF,30.2106 -93.1432
KEGV,45.9309 -89.2670
KCWC,33.8606 -98.4904
KLYH,37.3262 -79.2028
KHIE,44.3659 -71.5522
KCWN,38.7500 -104.8500
KNUW,48.3552 -122.6635
KNUQ,37.4059 -122.0490
KCWI,41.8295 -90.3328
KFMM,40.3315 -103.8070
KFMN,36.7436 -108.2293
KFMH,41.6584 -70.5214
KAWG,41.2752 -91.6748
KFME,39.0854 -76.7594
KAWM,35.1351 -90.2344
KAWO,48.1585 -122.1591
KAWN,32.7800 -97.4300
KFMY,26.5849 -81.8615
KDQH,31.4767 -82.8606
KLEB,43.6271 -72.3054
K7R5,29.7800 -93.3000
KLEE,28.8214 -81.8096
K3I2,38.9146 -82.0986
KLEW,44.0485 -70.2835
KGFA,47.5047 -111.1873
KLEX,38.0339 -84.6115
KDMA,32.1667 -110.8833
KBAX,43.7774 -82.9827
KBAZ,29.7086 -98.0453
KDMH,39.2814 -76.6111
KDMN,32.2593 -107.7205
KDMO,38.7074 -93.1759
KBAN,38.3557 -119.5188
KDMW,39.6083 -77.0077
KBAK,39.2619 -85.8963
KBAD,32.5019 -93.6626
KY23,45.3106 -91.6381
KBAF,42.1601 -72.7124
KBAB,39.1361 -121.4366
KBAC,46.9412 -98.0180
KSAA,41.4435 -106.8275
KJWG,35.8628 -98.4225
KSAC,38.5067 -121.4960
KSAD,32.8566 -109.6360
KSAF,35.6110 -106.0957
KSAN,32.7339 -117.1845
KSAR,38.1462 -89.7024
KSAT,29.5337 -98.4698
KSAW,46.3405 -87.3953
KSAV,32.1314 -81.2023
K9BB,41.1167 -114.9667
KRST,43.9042 -92.4917
KSAZ,46.3809 -94.8066
KO22,38.0304 -120.4146
KJWY,32.4603 -96.9107
KSHL,43.2080 -95.8352
K4A9,34.4737 -85.7214
K4A6,34.6887 -86.0059
KSLH,45.6536 -84.5192
KOMA,41.3119 -95.9018
KOMH,38.2472 -78.0456
KOMK,48.4612 -119.5209
KOMN,29.3009 -81.1110
KL38,30.1727 -90.9406
KMIB,48.4158 -101.3580
KMIA,25.7880 -80.3169
KJXI,32.6990 -94.9489
KMIE,40.2345 -85.3936
KVAY,39.9408 -74.8407
K1YT,46.6667 -120.4500
KL35,34.2638 -116.8560
KIDA,43.5208 -112.0661
KMIW,42.1106 -92.9161
KMIV,39.3662 -75.0778
KSLC,40.7707 -111.9650
KIDI,40.6322 -79.1055
KJGG,37.2416 -76.7167
K5W8,35.7040 -79.5040
KVNC,27.0716 -82.4403
KSLG,36.1919 -94.4900
K54J,30.7311 -86.1538
KALO,42.5544 -92.4013
KVNY,34.2156 -118.4917
KM46,45.8528 -106.7093
KM40,33.8738 -88.4897
KRBW,32.9210 -80.6406
KLOT,41.6031 -88.1016
KRBD,32.6809 -96.8682
KRBG,43.2337 -123.3577
KGFK,47.9492 -97.1761
KGFL,43.3384 -73.6102
KRBL,40.1519 -122.2548
KRBO,27.7780 -97.6878
KOJA,35.5448 -98.6685
K4O4,33.9133 -94.8546
KEVM,47.4274 -92.4972
KEVB,29.0569 -80.9491
KWJF,34.7412 -118.2125
KEVV,38.0431 -87.5203
KEVW,41.2731 -111.0306
KAEJ,38.8142 -106.1207
KI35,36.8593 -83.3585
K36U,40.4774 -111.4330
KI39,37.6308 -84.3323
KSEZ,34.8468 -111.7884
KLXY,31.6412 -96.5144
KNKT,34.8972 -76.8813
KCTZ,34.9752 -78.3628
KHHW,34.0314 -95.5398
KCTY,29.6334 -83.1054
KLXT,38.9597 -94.3714
KLXV,39.2281 -106.3161
KCTB,48.6084 -112.3761
KLXL,45.9509 -94.3441
KCTD,41.7297 -107.7252
KLXN,40.7911 -99.7772
KCTJ,33.6310 -85.1520
KNTU,36.8211 -76.0283
KHHF,35.8929 -100.4046
KFLO,34.1878 -79.7308
KAXN,45.8680 -95.3940
KFLL,26.0787 -80.1622
KAXH,29.5050 -95.4765
KFLG,35.1443 -111.6664
KFLD,43.7696 -88.4907
KAXA,43.0796 -94.2723
KFSE,47.5928 -95.7735
KAXX,36.4259 -105.2903
KDPL,34.9994 -77.9800
KFLY,38.9439 -104.5684
K5M9,37.3363 -88.1097
KDPA,41.8965 -88.2512
KDPG,40.1838 -112.9217
KAXS,34.6986 -99.3381
KTXK,33.4537 -93.9910
KIXD,38.8309 -94.8903
KGTU,30.6808 -97.6767
KGTR,33.4503 -88.5914
KIXA,36.3300 -77.6350
KRTN,36.7418 -104.5076
KFSK,37.7984 -94.7694
KRTS,39.6682 -119.8764
KGTB,44.0556 -75.7195
KSNL,35.3573 -96.9428
KSNK,32.6934 -100.9505
KPTS,37.4495 -94.7311
KSNC,41.3839 -72.5059
KHUM,29.5634 -90.6628
KSNY,41.0994 -102.9856
KSNT,44.1708 -114.9272
KSNS,36.6636 -121.6081
KNBG,29.8374 -90.0245
KAWH,41.6667 -115.7833
KASW,41.2747 -85.8401
KN03,42.5926 -76.2149
KPVJ,34.7111 -97.2233
KPVC,42.0744 -70.2182
KPVB,42.6909 -90.4412
KPVG,36.7801 -76.4488
KPVF,38.7242 -120.7533
KPVD,41.7225 -71.4325
KPVW,34.1681 -101.7173
KPVU,40.2192 -111.7234
KAJZ,38.7869 -108.0658
KNFG,33.3013 -117.3551
KCBK,39.4300 -101.0511
KLVS,35.6558 -105.1385
KCBM,33.6438 -88.4438
KUNU,43.4285 -88.7017
KNFL,39.4166 -118.7010
KIBM,41.1881 -103.6774
KCBE,39.6182 -78.7598
KCBF,41.2612 -95.7604
KNFJ,30.5069 -86.9597
KNFW,32.7810 -97.4365
KAJO,33.8977 -117.6024
KT43,27.9132 -97.2132
KLVN,44.6252 -93.2273
KLVM,45.6983 -110.4408
KUNI,39.2119 -82.2293
KLVK,37.6928 -121.8144
KAJG,38.6093 -87.7251
KASH,42.7798 -71.5141
K3DU,46.6667 -113.1500
KVIH,38.1319 -91.7653
KVIS,36.3135 -119.3884
KMXF,32.3829 -86.3658
KHUT,38.0655 -97.8606
KMXO,42.2204 -91.1604
KLDM,43.9625 -86.4079
KUXL,30.1314 -93.3761
KLDJ,40.6162 -74.2451
KJHW,42.1534 -79.2580
KHHR,33.9228 -118.3352
K1H2,39.0712 -88.5292
KDLN,45.2575 -112.5544
KXMR,28.4676 -80.5666
KDLH,46.8435 -92.1866
K42J,29.8448 -82.0475
KDLF,29.3665 -100.7847
KCNI,34.3122 -84.4222
KDLZ,40.2797 -83.1148
KDLS,45.6190 -121.1657
K3R7,30.2427 -92.6735
KSVN,32.0100 -81.1457
KFLP,36.2925 -92.5851
KAXO,29.2500 -89.9660
KOBE,27.2663 -80.8487
K08D,48.3008 -102.4064
KMJX,39.9275 -74.2924
KIEN,43.0206 -102.5183
KMJQ,43.6496 -94.9884
KTWM,47.0492 -91.7450
KORH,42.2706 -71.8731
K8D3,45.6689 -96.9914
KGUP,35.5086 -108.7932
KGUS,40.6481 -86.1521
KIYA,29.9761 -92.0825
KRWI,35.8502 -77.8952
KRWF,44.5483 -95.0804
KD39,45.7057 -94.9308
KIYK,35.6588 -117.8295
KPGV,35.6374 -77.3851
KGUC,38.5339 -106.9330
KRWV,30.5155 -96.7041
KPGA,36.9211 -111.4487
KPGD,26.9185 -81.9939
KGUN,41.4417 -104.3467
KTIF,41.9619 -100.5689
KIWA,33.3078 -111.6555
KGGP,40.7110 -86.3750
KMDH,37.7833 -89.2453
KIWD,46.5275 -90.1314
KMDT,40.1962 -76.7725
KTIW,47.2675 -122.5761
KGGI,41.7097 -92.7332
KMDW,41.7841 -87.7551
KMDQ,34.8614 -86.5572
KTIP,40.2895 -88.1473
KMDS,44.0160 -97.0860
KGGG,32.3840 -94.7115
KGGE,33.3117 -79.3196
KREO,42.5902 -117.8646
KYKM,46.5640 -120.5348
KYKN,42.9167 -97.3859
KEWR,40.6827 -74.1693
KEWB,41.6791 -70.9591
KEWN,35.0675 -77.0472
KEWK,38.0582 -97.2745
KPUW,46.7438 -117.1158
KMVY,41.3930 -70.6159
KRYN,32.1422 -111.1746
KRYT,39.7341 -77.4304
KRYV,43.1702 -88.7250
KRYW,30.4967 -97.9659
KPUB,38.2887 -104.5057
KPUC,39.6089 -110.7555
KPUM,41.0520 -105.4694
KPUJ,33.9120 -84.9410
K27A,34.0950 -82.8158
K6B0,43.9855 -73.0955
KJES,31.5540 -81.8825
KCCO,33.3116 -84.7698
KUOX,34.3843 -89.5368
KCCA,35.5946 -92.4455
KNAK,38.9913 -76.4891
KCCY,43.0730 -92.6132
KLUA,38.6672 -78.5011
KLUF,33.5350 -112.3832
KLUD,33.2544 -97.5806
KLUK,39.1033 -84.4186
KCCU,39.4752 -106.1523
KLUM,44.8936 -91.8665
KHOP,36.6686 -87.4962
KCUT,43.7331 -103.6114
KHOT,34.4780 -93.0962
KHOU,29.6375 -95.2824
KDAG,34.8536 -116.7858
KEAR,40.7270 -99.0068
KCUH,35.9499 -96.7731
KEAU,44.8667 -91.4880
KEAT,47.3975 -120.2012
KHOB,32.6875 -103.2170
KHOE,31.0559 -82.7741
KCUB,33.9720 -80.9938
KFOK,40.8505 -72.6193
KSBM,43.7748 -87.8490
KFOA,38.6673 -88.4527
KFOD,42.5512 -94.1918
KFOE,38.9509 -95.6636
KFOZ,47.7832 -93.6533
KAYS,31.2504 -82.3957
KFOT,40.5530 -124.1334
KLCH,30.1256 -93.2277
KLCI,43.5727 -71.4189
KBMC,41.5524 -112.0622
KU42,40.6196 -111.9902
KLCG,42.2419 -96.9814
KJKJ,46.8404 -96.6544
KJKL,37.5913 -83.3137
K9D7,48.4800 -99.2360
KLCQ,30.1838 -82.5684
KNZY,32.6922 -117.2098
KJKA,30.2896 -87.6718
KDKK,42.4932 -79.2762
KDKB,41.9338 -88.7066
KBCT,26.3785 -80.1077
KZPH,28.2281 -82.1559
KBCK,44.2507 -90.8553
KT35,30.8794 -96.9711
KBCB,37.2076 -80.4078
KDKR,31.3097 -95.4039
KXLL,40.5704 -75.4894
KBCE,37.7013 -112.1490
KJYL,32.6453 -81.5971
KJYM,41.9197 -84.5853
KJYO,39.0780 -77.5575
KFYG,38.5876 -90.9938
KFYJ,37.5211 -76.7647
KJYG,43.9856 -94.5530
KAKH,35.1969 -81.1555
KSOA,30.5857 -100.6486
KAKQ,36.9827 -77.0014
K77M,42.3200 -113.3300
KAKR,41.0375 -81.4642
KSOW,34.2686 -110.0020
KSBA,34.4241 -119.8425
KJYR,40.8967 -97.6228
KSOP,35.2372 -79.3911
KBQK,31.2589 -81.4661
KBQP,32.7561 -91.8806
KVPZ,41.4535 -86.9981
KOCW,35.5705 -77.0498
KOCQ,44.8742 -87.9096
KOCH,31.5778 -94.7094
KOCF,29.1637 -82.2210
KGTF,47.4733 -111.3822
KMKJ,36.8949 -81.3499
KMKL,35.5931 -88.9167
KMKO,35.6577 -95.3658
KMKN,31.9240 -98.5977
KMKC,39.1209 -94.5972
KCXP,39.1906 -119.7319
KMKE,42.9550 -87.9044
KMKG,43.1711 -86.2367
KMKY,25.9950 -81.6725
KSBD,34.0903 -117.2471
KMKS,33.1855 -80.0362
KMKT,44.2228 -93.9193
KIFA,42.4708 -93.2700
KMYR,33.6797 -78.9283
KMYP,38.4844 -106.3169
KMYV,39.1021 -121.5688
KMYF,32.8157 -117.1396
KWDR,33.9829 -83.6674
KMYL,44.8942 -116.0998
K1II,39.3420 -86.0310
KTHA,35.3800 -86.2460
KRDR,47.9611 -97.4012
KAUG,44.3207 -69.7973
KMEB,34.7913 -79.3683
KRDU,35.8922 -78.7819
KMEM,35.0564 -89.9863
KMEI,32.3347 -88.7511
KMEH,45.5118 -118.4247
KRDG,40.3734 -75.9593
KMER,37.3805 -120.5682
KTHV,39.9194 -76.8769
KRDK,41.0107 -95.2624
KMEZ,34.5453 -94.2025
KRDM,44.2559 -121.1406
KGDB,44.7521 -95.5591
KCXO,30.3567 -95.4139
KWHP,34.2593 -118.4134
K4M9,36.4042 -90.6479
KGDJ,32.4444 -97.8169
KGDV,47.1387 -104.8072
KHKA,35.9404 -89.8308
KGDP,31.8331 -104.8098
KEPH,47.3076 -119.5159
K4MR,34.2950 -103.7860
KARB,42.2240 -83.7397
KSNA,33.6798 -117.8674
KD25,46.1204 -89.8802
KCRX,34.9150 -88.6035
KHNZ,36.3635 -78.5289
KIIB,42.4536 -91.9476
KCRP,27.7734 -97.5130
KEBG,26.4417 -98.1222
KCRS,32.0311 -96.3989
KCRV,40.0503 -105.5839
KCRW,38.3794 -81.5914
KHNB,38.2506 -86.9472
KCRE,33.8162 -78.7204
KCRG,30.3371 -81.5127
KFNT,42.9667 -83.7494
KAZO,42.2283 -85.5460
KAZC,36.9599 -113.0139
KAZE,31.8850 -82.6470
KFNB,40.0788 -95.5920
KFNL,40.4518 -105.0113
K96D,48.9402 -97.9053
KC75,41.0231 -89.3885
KTVR,32.3481 -91.0299
KTVL,38.8984 -119.9962
KTVK,40.6840 -92.9010
KTVI,30.9020 -83.8810
KTVF,48.0597 -96.1788
K0CO,39.7945 -105.7639
KTVC,44.7390 -85.5679
KLCK,39.8138 -82.9278
KIZA,34.6069 -120.0756
KIZG,43.9911 -70.9479
K14Y,45.9017 -94.8727
KLSF,32.3239 -84.9826
KGZL,35.2913 -95.0955
KGZH,31.4158 -87.0440
KRVS,36.0425 -95.9900
KSLK,44.3853 -74.2062
KALB,42.7472 -73.7991
KSLI,33.7963 -118.0418
KSLN,38.8042 -97.6488
KSLO,38.6446 -88.9612
KFXE,26.1990 -80.1776
KSLB,42.5972 -95.2399
KALI,27.7409 -98.0269
KALK,31.6056 -110.4281
KALM,32.8351 -105.9941
KALN,38.8897 -90.0316
KSLE,44.9049 -123.0010
KALS,37.4393 -105.8618
KALW,46.0946 -118.2858
KALX,32.9147 -85.9628
KFXY,43.2348 -93.6241
KACB,44.9867 -85.2022
KVYS,41.3518 -89.1496
KBPK,36.3689 -92.4705
KBPI,42.5780 -110.1097
KBPG,32.2126 -101.5216
KBPC,35.8890 -101.0300
KSGE,41.8191 -110.9740
KDEN,39.8466 -104.6562
KBPT,29.9521 -94.0261
KBPP,46.1870 -103.4281
KRXE,43.8321 -111.8075
KPTT,37.7017 -98.7469
KPTW,40.2380 -75.5549
KPTV,36.0296 -119.0627
KPTB,37.1838 -77.5074
KDEC,39.8308 -88.8719
KPTK,42.6632 -83.4101
KPTN,29.7095 -91.3390
KELD,33.2208 -92.8140
KY51,43.5814 -90.8997
KY50,44.0435 -89.3040
KELM,42.1599 -76.8916
KELN,47.0338 -120.5313
KELO,47.8245 -91.8307
KLTS,34.6665 -99.2681
KACP,30.7503 -92.6883
KT20,29.5291 -97.4643
KELP,31.8111 -106.3758
KELY,39.2953 -114.8466
KELZ,42.1078 -77.9842
KORL,28.5465 -81.3354
KBBD,31.1793 -99.3239
KBBG,36.5321 -93.2005
KMZZ,40.4899 -85.6797
KBBB,45.3310 -95.6469
KORD,41.9875 -87.9319
KORE,42.5700 -72.2869
KORF,36.9036 -76.1919
KORG,30.0692 -93.8036
KORB,48.0171 -92.8538
KORC,42.9895 -96.0606
KBBW,41.4365 -99.6385
KBBP,34.6217 -79.7344
KMZH,46.4163 -92.8049
KHWD,37.6589 -122.1211
KVKS,32.2393 -90.9284
KORS,48.7081 -122.9090
KLBL,37.0442 -100.9599
KLBB,33.6637 -101.8206
KLBF,41.1219 -100.6683
KLBE,40.2759 -79.4048
KLBX,29.1154 -95.4632
KUZA,34.9878 -81.0572
KLBR,33.5932 -95.0636
K1J0,30.8458 -85.6014
KLBT,34.6082 -79.0590
K40J,30.0719 -83.5736
KHSB,37.8128 -88.5449
KSZL,38.7303 -93.5479
KSZT,48.2994 -116.5600
K5R8,30.4412 -93.4735
KMDD,32.0365 -102.1010
KCMS,41.5323 -109.4604
K19A,34.1740 -83.5607
KUES,43.0425 -88.2461
KNFE,36.6950 -76.1356
KNXP,34.2940 -116.1472
KUNV,40.8534 -77.8401
KIGX,35.9350 -79.0659
KMTV,36.6272 -80.0133
KMTW,44.1288 -87.6806
KMTP,41.0730 -71.9235
KMTR,36.6005 -121.8714
KIGQ,41.5412 -87.5282
KIGM,35.2578 -113.9331
KVER,38.9467 -92.6827
KMTC,42.6046 -82.8353
KMTN,39.3215 -76.4065
KMTO,39.4743 -88.2723
KMTH,24.7263 -81.0477
KMTJ,38.5054 -107.8981
KTUS,32.1315 -110.9564
KTUP,34.2622 -88.7713
KLZK,34.8364 -92.2619
KTUL,36.1984 -95.8881
KI69,39.0784 -84.2102
KCBG,45.5628 -93.2644
KRIV,33.9000 -117.2500
KUBE,45.5060 -91.9810
KRIC,37.5115 -77.3234
KRIL,39.5279 -107.7196
KRIM,43.1000 -110.3200
KMFD,40.8203 -82.5178
KMFE,26.1758 -98.2386
KMFI,44.6381 -90.1875
KIIY,33.7797 -82.8164
KMFR,42.3750 -122.8770
KMFV,37.6469 -75.7611
KRGK,44.5926 -92.4844
KU24,39.3375 -112.5861
KGED,38.6897 -75.3624
KGEG,47.6214 -117.5278
KMSP,44.8854 -93.2313
KEQY,35.0147 -80.6242
KMIC,45.0625 -93.3508
KUNO,36.8792 -91.9052
K6R3,30.3564 -95.0080
KFSD,43.5769 -96.7536
KGEU,33.5281 -112.2926
KGEV,36.4324 -81.4197
KGEY,44.5174 -108.0752
KGEZ,39.5855 -85.7998
KFBL,44.3298 -93.3119
KCAR,46.8715 -68.0179
KCAV,42.7430 -93.7592
KHST,25.4949 -80.3732
KEMM,41.8241 -110.5570
KHSP,37.9514 -79.8339
KLSV,36.2362 -115.0343
KNCA,34.7063 -77.4407
KEMV,36.6869 -77.4828
KEMT,34.0860 -118.0348
KCAE,33.9423 -81.1180
KUIN,39.9371 -91.1966
KCAG,40.4930 -107.5239
KEMP,38.3289 -96.1939
KHSE,35.2322 -75.6225
KCAK,40.9181 -81.4434
KLSE,43.8792 -91.2530
KCAO,36.4483 -103.1537
KPEA,41.3989 -92.9431
KNQX,24.5801 -81.6829
KPEO,42.6439 -77.0530
KCSQ,41.0189 -94.3610
KCSV,35.9513 -85.0850
KECG,36.2577 -76.1716
KNQA,35.3567 -89.8703
KCSM,35.3567 -99.2036
KPEQ,31.3824 -103.5107
KNQI,27.5031 -97.8117
KECS,43.8854 -104.3179
KPEZ,28.9562 -98.5184
KPEX,45.3725 -94.7388
KFIT,42.5519 -71.7558
KHMN,32.8519 -106.1085
KHMM,46.2500 -114.1500
KVEL,40.4430 -109.5127
KDRM,46.0072 -83.7427
KFIG,41.0467 -78.4117
KHMZ,40.0853 -78.5122
KLAW,34.5575 -98.4167
KLAR,41.3165 -105.6729
KLAS,36.0719 -115.1634
KNMM,32.5521 -88.5556
KLAX,33.9382 -118.3865
KLAF,40.4124 -86.9474
KLAA,38.0718 -102.6874
KLAN,42.7762 -84.5997
KLAL,27.9889 -82.0186
KLAM,35.8789 -106.2621
KHNR,41.5844 -95.3397
KFUL,33.8720 -117.9798
KY63,45.9884 -95.9935
KXBP,33.1753 -97.8283
KJMR,45.8886 -93.2690
KJMS,46.9258 -98.6691
KUNR,44.0727 -103.2108
KDIJ,43.7450 -111.0912
KDIK,46.7973 -102.8019
KAMA,35.2202 -101.7173
KSMQ,40.6240 -74.6690
KSMP,47.2765 -121.3382
KSMS,33.9950 -80.3613
KO69,38.2578 -122.6053
KVES,40.2044 -84.5319
KAMN,43.3221 -84.6879
KSME,37.0513 -84.6168
KSMF,38.7007 -121.5948
KAMW,41.9905 -93.6185
KSMO,34.0210 -118.4471
KSMN,45.1238 -113.8813
KBKD,32.7190 -98.8910
KNSI,33.2338 -119.4559
KS47,45.4175 -123.8087
K21D,45.0002 -92.8549
KVDF,28.0198 -82.3415
KMUT,41.3670 -91.1406
KMQJ,39.8435 -85.8971
KVDI,32.1927 -82.3712
KOAJ,34.8251 -77.6189
KVDW,41.1566 -105.4033
KW43,44.6629 -104.5678
KMUO,43.0436 -115.8724
KMUL,31.1377 -83.7041
KMUI,40.4381 -76.5643
KVJI,36.6871 -82.0333
KBEA,28.3692 -97.7953
KBED,42.4681 -71.2946
KOSH,43.9670 -88.5581
KBEH,42.1290 -86.4151
KOSC,44.4515 -83.3942
KOSA,33.0956 -94.9614
KCQB,35.7238 -96.8203
KOSU,40.0781 -83.0781
KBKX,44.3048 -96.8169
KGBD,38.3443 -98.8592
K9V9,43.7659 -99.3216
KMGM,32.3003 -86.4061
KMGN,45.4256 -84.9133
KMGJ,41.5092 -74.2650
KMGE,33.9154 -84.5163
KCQM,47.8200 -92.6817
KIJX,39.7740 -90.2419
KMGC,41.7033 -86.8212
KRFI,32.1441 -94.8539
K2C8,48.7838 -97.6296
KMGY,39.5890 -84.2249
KIJD,41.7425 -72.1825
KMGW,39.6499 -79.9206
KRFD,42.1933 -89.0933
KMGR,31.0849 -83.8033
KEFK,44.8888 -72.2292
KERV,29.9767 -99.0855
KYNG,41.2544 -80.6739
KERI,42.0800 -80.1825
KGJT,39.1342 -108.5400
KCQV,48.5500 -117.8833
KRIW,43.0622 -108.4470
KEFC,44.7342 -103.8620
KI75,41.0522 -93.6897
KD07,45.0326 -102.0200
KEFD,29.6073 -95.1587
KPDC,43.0194 -91.1211
KPDK,33.8784 -84.2980
KNPA,30.3564 -87.3233
KPDT,45.6976 -118.8344
KPDX,45.5958 -122.6092
KFHR,48.5200 -123.0264
KHLC,39.3747 -99.8297
KCPC,34.2753 -78.7146
KHLG,40.1750 -80.6463
K0A9,36.3712 -82.1734
KCPK,36.6656 -76.3206
KHLN,46.6044 -111.9892
KCPW,37.4514 -106.8003
KCPT,32.3537 -97.4338
KHLR,31.1387 -97.7145
KCPR,42.8975 -106.4731
KCPS,38.5640 -90.1487
KHLX,36.7661 -80.8236
KHFF,35.0366 -79.4973
KRHV,37.3329 -121.8198
KGXY,40.4374 -104.6332
KTTA,35.5825 -79.1014
KSLR,33.1615 -95.6189
KRHP,35.1939 -83.8618
KTTN,40.2768 -74.8159
KSIY,41.7737 -122.4682
KTTS,28.6150 -80.6945
KGXA,34.5666 -117.6704
KGXF,32.8875 -112.7200
KRHI,45.6317 -89.4822
KANJ,46.4794 -84.3572
KANK,38.5388 -106.0494
KANE,45.1426 -93.2127
KANB,33.5904 -85.8479
KFZG,31.6839 -83.2709
KFZY,43.3504 -76.3832
KDZJ,34.8544 -83.9973
KSJC,37.3594 -121.9244
KANW,42.5748 -99.9983
KJZI,32.7010 -80.0030
KSJN,34.5184 -109.3801
KANQ,41.6404 -85.0851
KXSA,37.8606 -76.9016
KBRD,46.4021 -94.1273
KBRL,40.7729 -91.1254
KBRO,25.9146 -97.4231
KRZL,40.9479 -87.1826
KRZN,45.8229 -92.3706
KFWC,38.3796 -88.4135
K4SL,35.7990 -107.1810
KPZQ,45.4071 -83.8129
KRZZ,36.4395 -77.7093
KRZR,35.2115 -84.7998
KNBJ,30.3891 -87.6353
KFWD,32.8350 -97.2986
KEND,36.3392 -97.9165
KHRX,34.8578 -102.3264
KCNU,37.6705 -95.4846
KNBC,32.4774 -80.7232
KCNW,31.6531 -97.0707
KENL,38.5095 -89.0900
KHRO,36.2615 -93.1547
KCNM,32.3336 -104.2584
KCNO,33.9753 -117.6361
KLRO,32.8978 -79.7829
KHRJ,35.3786 -78.7336
KHRI,45.8258 -119.2611
KCNK,39.5513 -97.6508
KLRF,34.9168 -92.1465
KCNB,44.7297 -96.2623
KLRD,27.5437 -99.4616
KDGW,42.7960 -105.3804
KBDG,37.5828 -109.4831
KBDE,48.7261 -94.6121
KBDH,45.1111 -95.1258
KOPF,25.9102 -80.2828
KBDN,44.0950 -121.2000
KBDL,41.9389 -72.6832
KBDR,41.1642 -73.1266
KBDU,40.0378 -105.2274
KVUO,45.6210 -122.6542
KVUJ,35.4167 -80.1508
KU78,42.6416 -111.5799
KNLC,36.3024 -119.9397
KUTS,30.7439 -95.5861
KUTA,34.6811 -90.3467
KFTG,39.7852 -104.5431
KDHS,44.2197 -106.1041
KDHT,36.0252 -102.5487
KFTN,28.2090 -100.0190
KFTK,37.9071 -85.9721
KJLN,37.1522 -94.4952
KFTW,32.8198 -97.3624
KSXT,42.6000 -123.3656
KEPZ,31.8731 -106.6975
KFTY,33.7776 -84.5246
KDHN,31.3213 -85.4496
K33V,40.7454 -106.2754
KNDZ,30.7044 -87.0231
KM19,35.6430 -91.1735
KWYS,44.6884 -111.1176
KM16,32.3033 -90.4085
KTBN,37.7416 -92.1407
KSKX,36.4582 -105.6724
KSVC,32.6310 -108.1466
K20V,40.0536 -106.3689
K20U,46.9252 -103.9821
K6R6,30.0481 -102.2131
KSVH,35.7636 -80.9473
K1A5,35.2228 -83.4150
KUKL,38.3025 -95.7250
KBVX,35.7259 -91.6518
KOFF,41.1183 -95.9125
KOFK,41.9855 -97.4351
KOFP,37.7081 -77.4344
KVGT,36.2120 -115.1940
KMVE,44.9675 -95.7116
KMVN,38.3284 -88.8529
KMVL,44.5359 -72.6162
KUKT,40.4368 -75.3802
KATY,44.9047 -97.1494
K1P1,43.7771 -71.7560
KCHK,35.0961 -97.9661
KRKR,35.0187 -94.6202
KRKS,41.5945 -109.0528
KRKP,28.0837 -97.0466
KGNA,47.7453 -90.3457
KTSP,35.1350 -118.4392
KRKD,44.0601 -69.0993
KTEB,40.8590 -74.0562
KIKW,43.6624 -84.2621
KIKV,41.6878 -93.5694
KTEX,37.9538 -107.9085
KIKK,41.0687 -87.8537
KCHA,35.0353 -85.2038
KIKA,44.2940 -104.6288
KTEW,42.5658 -84.4232
KGKJ,41.6258 -80.2123
KEST,43.4011 -94.7472
KGKY,32.6583 -97.0951
KESN,38.8042 -76.0690
KESC,45.7227 -87.0937
KESF,31.3963 -92.2827
KC29,43.1153 -89.5311
KPYX,36.4129 -100.7516
K9A4,34.6594 -87.3488
KPYM,41.9085 -70.7279
KHQZ,32.7470 -96.5304
KEOK,40.4615 -91.4274
KCDS,34.4275 -100.2833
KEOE,34.3061 -81.6414
KCOU,38.8169 -92.2183
KCOT,28.4567 -99.2183
KCOS,38.8095 -104.6887
KCOQ,46.6987 -92.5034
KHQU,33.5297 -82.5164
KCON,43.2049 -71.5026
KCOM,31.8411 -99.4036
KHQM,46.9727 -123.9302
KCOF,28.2422 -80.6080
KCOE,47.7743 -116.8196
KCOD,44.5202 -109.0238
KGYB,30.1715 -96.9784
KPKD,46.9006 -95.0678
KGYL,44.7588 -94.0905
KGYI,33.7141 -96.6737
KGYH,34.7583 -82.3764
KPKB,39.3451 -81.4392
KGYR,33.4224 -112.3736
KPKV,28.6516 -96.6820
KNSE,30.7285 -87.0219
KGYY,41.6121 -87.4091
KCQC,35.0028 -105.6628
KHCO,48.7525 -96.9376
KCQF,30.4600 -87.8770
KHCD,44.8596 -94.3855
K0VG,36.6541 -83.2178
KFKS,44.6252 -86.2008
KFKN,36.7003 -76.9021
KFKL,41.3779 -79.8604
KCQT,34.0235 -118.2912
KCQW,34.7128 -79.9622
KGNR,45.4646 -69.5538
KCQX,41.6875 -69.9933
KHSV,34.6439 -86.7861
KFKA,43.6770 -92.1742
KNOG,27.8947 -98.0425
KLOZ,37.0870 -84.0770
K5C1,29.7239 -98.6946
KLOU,38.2280 -85.6637
KUUU,41.5324 -71.2815
KLOR,31.3558 -85.7511
KLOL,40.0684 -118.5702
KLOM,40.1376 -75.2684
KFWB,36.6985 -93.4022
KAAF,29.7268 -85.0248
KFWA,40.9725 -85.2064
KAAA,40.1589 -89.3389
KSYN,44.4736 -93.0145
KAAO,37.7497 -97.2191
K1M4,34.2803 -87.6004
KFWN,41.1992 -74.6259
KSYF,39.7619 -101.7963
KFWS,32.5652 -97.3081
KAAT,41.4836 -120.5615
KJOT,41.5175 -88.1790
KSYR,43.1111 -76.1038
KHSI,40.6006 -98.4258
KFET,41.4489 -96.5200
KAOH,40.7081 -84.0214
KFEW,41.1409 -104.8691
KFEP,42.2475 -89.5810
KAOO,40.2964 -78.3200
KUKF,36.2188 -81.1002
KUKI,39.1278 -123.2001
KUIL,47.9375 -124.5550
KLQK,34.8100 -82.7029
KSKA,47.6151 -117.6558
KSKF,29.3842 -98.5811
KLSB,32.3335 -108.6917
KSKL,41.1350 -106.5735
K3A1,34.2687 -86.8580
KBUR,34.1997 -118.3654
KDYB,33.0630 -80.2790
KBUU,42.6909 -88.3080
KDYA,32.4638 -87.9540
KBUY,36.0475 -79.4737
KDYL,40.3302 -75.1229
KHSA,30.3678 -89.4547
KDYT,46.7245 -92.0445
KDYR,35.9980 -89.4066
KDYS,32.4208 -99.8546
KBUF,42.9400 -78.7360
KBUO,33.9333 -116.9667
KSWF,41.5045 -74.0999
KP59,47.4669 -87.8750
KJAC,43.6128 -110.7370
KSWO,36.1622 -97.0892
KJAN,32.3197 -90.0775
KJAS,30.8857 -94.0349
KSWW,32.4674 -100.4666
K3A6,34.3667 -118.5667
KJAX,30.4953 -81.6937
KS25,47.7966 -103.2552
KOGB,33.4568 -80.8595
KBIF,31.8612 -106.3692
KOGD,41.1941 -112.0168
KBIL,45.8069 -108.5422
KMWT,34.5467 -93.5781
KBIH,37.3711 -118.3581
KBIJ,31.3975 -84.8948
KMWM,43.9100 -95.1072
KMWL,32.7816 -98.0602
KBIV,42.7461 -86.0967
KMWN,44.2708 -71.3035
KMWH,47.1930 -119.3145
KMWK,36.4567 -80.5548
KBIS,46.7825 -100.7572
KBIX,30.4104 -88.9244
KMWC,43.1096 -88.0305
KOQU,41.5971 -71.4121
KOQT,36.0230 -84.2336
KBGM,42.2068 -75.9799
KVTP,37.5011 -105.1669
KBGF,35.1775 -86.0662
KBGD,35.6950 -101.3950
KBGE,30.9716 -84.6369
KOGA,41.1195 -101.7697
KM25,36.7696 -88.5847
KVTA,40.0264 -82.4634
KVTN,42.8586 -100.5514
KOQN,39.9889 -75.5803
KP38,37.6122 -114.5264
KVTI,42.2186 -92.0258
KMAI,30.8370 -85.1835
KMAO,34.1810 -79.3350
KMAN,43.5813 -116.5231
KTDR,30.0333 -85.5333
KMAF,31.9478 -102.2086
KMAE,36.9851 -120.1106
KTDZ,41.5631 -83.4764
KTDF,36.2850 -78.9842
K4I3,40.3268 -82.5201
KILN,39.4279 -83.7921
KECP,30.3490 -85.7880
KTDO,46.4772 -122.8065
KILE,31.0858 -97.6865
KILG,39.6744 -75.6057
KOGS,44.6799 -75.4642
KCSG,32.5161 -84.9422
KMWO,39.5310 -84.3953
KGHW,45.6456 -95.3188
KMWA,37.7550 -89.0111
KGPI,48.3042 -114.2636
KNRS,32.5630 -117.1109
KNRB,30.3959 -81.4229
KTWF,42.4785 -114.4774
KE11,32.3311 -102.5294
KE16,37.0816 -121.5968
KHBI,35.6527 -79.8942
KWBC,38.8500 -76.9300
KHBG,31.2694 -89.2561
K2W6,38.3154 -76.5501
KHBV,27.3496 -98.7369
KHBR,34.9894 -99.0525
KHMS,46.5667 -119.6000
KEDJ,40.3723 -83.8192
KWLD,37.1681 -97.0369
KRWL,41.8065 -107.1952
KC35,43.5264 -89.9810
K2WX,45.6044 -103.5464
KTRK,39.3200 -120.1396
KTRI,36.4797 -82.3989
KTRM,33.6267 -116.1594
KTRL,32.7092 -96.2674
KGUY,36.6817 -101.5053
KRJD,38.9701 -75.8663
KFDW,34.3150 -81.1090
KLPC,34.6656 -120.4675
KFDR,34.3444 -98.9831
KSHV,32.4469 -93.8242
KHPN,41.0624 -73.7046
KSHR,44.7603 -106.9741
KAPY,26.9688 -99.2489
KFDY,41.0136 -83.6686
KSHN,47.2381 -123.1408
KAPF,26.1554 -81.7746
KLPR,41.3461 -82.1794
KAPA,39.5599 -104.8484
KAPC,38.2132 -122.2807
KSHD,38.2638 -78.8964
KFDK,39.4177 -77.3698
KSHC,41.9308 -109.9687
KBTR,30.5378 -91.1468
KBTP,40.7769 -79.9497
KBTV,44.4682 -73.1498
KBGR,44.8074 -68.8281
KBTA,41.4148 -96.1090
KDXR,41.3715 -73.4822
KMWS,34.2258 -118.0571
KDXX,44.9839 -96.1788
KBTM,45.9647 -112.5006
KBTL,42.3120 -85.2414
KEHO,35.2556 -81.5986
KCLS,46.6770 -122.9827
KCLT,35.2225 -80.9543
KCLK,35.5381 -98.9336
KCLI,44.6153 -88.7313
KCLL,30.5881 -96.3639
KCLM,48.1219 -123.5066
KEHR,37.8065 -87.6823
KCLE,41.4057 -81.8519
KBFI,47.5455 -122.3147
KPAO,37.4611 -122.1151
KOVS,43.1561 -90.6775
KBFM,30.6268 -88.0681
KBFL,35.4344 -119.0542
KVWU,48.1501 -94.5120
KO54,40.7460 -122.9223
KBFF,41.8747 -103.6011
KOVE,39.4944 -121.6222
KOVL,44.7792 -95.0303
KBFW,47.2521 -91.4098
KVOK,43.9392 -90.2532
KBIE,40.3013 -96.7541
K65S,48.7260 -116.2950
KGGW,48.2142 -106.6213
KLNS,40.1206 -76.2945
KLNR,43.2111 -90.1873
KLNP,36.9875 -82.5300
KLNL,46.1514 -89.2108
KLNK,40.8478 -96.7647
KS32,47.4228 -98.1059
KUVA,29.2113 -99.7436
KLNC,32.5832 -96.7209
KSFQ,36.6824 -76.6019
KABE,40.6499 -75.4477
KDFW,32.8974 -97.0220
KABH,38.7578 -104.3013
KABI,32.4113 -99.6819
KSFY,42.0454 -90.1101
KSFZ,41.9208 -71.4914
KABR,45.4436 -98.4138
KJNX,35.5408 -78.3903
KSFF,47.6828 -117.3226
KABQ,35.0417 -106.6147
KFVX,37.3539 -78.4372
KSFB,28.7797 -81.2436
KSFM,43.3939 -70.7080
KABY,31.5365 -84.1957
KJNW,44.5833 -124.0667
KM30,37.1824 -88.7489
KP28,37.2839 -98.5528
K2DP,35.6667 -75.9000
KMDZ,45.1046 -90.3025
K4HV,38.3667 -110.7167
KSTC,45.5442 -94.0516
KSTF,33.4331 -88.8486
K2D5,46.1731 -98.0799
KSTE,44.5437 -89.5347
KSTJ,39.7719 -94.9097
KSTK,40.6133 -103.2611
KSTL,38.7525 -90.3734
KSTS,38.5037 -122.8110
KSTP,44.9324 -93.0559
K01M,34.4917 -88.2011
KODO,31.9206 -102.3867
KMPZ,40.9467 -91.5111
KBHB,44.4498 -68.3616
KBHM,33.5655 -86.7449
KBHK,46.3476 -104.2594
KMPV,44.2035 -72.5623
KTPA,27.9633 -82.5400
KCWA,44.7794 -89.6710
KODX,41.6234 -98.9488
KMPO,41.1382 -75.3797
KILM,34.2706 -77.9026
KPQI,46.6890 -68.0448
KWMC,40.9018 -117.8082
KRRT,48.9318 -95.3405
KK22,37.7510 -82.6367
K1R7,31.6058 -90.4093
KAMG,31.5401 -82.5074
KRMY,42.2524 -84.9525
KTQH,35.9301 -95.0025
KTQE,41.7635 -96.1779
KRMN,38.3981 -77.4555
KRME,43.2338 -75.4070
KRMG,34.3478 -85.1611
KTCS,33.2367 -107.2681
KMBS,43.5281 -84.0813
KOJC,38.8500 -94.7392
KIMT,45.8184 -88.1146
KMBG,45.5464 -100.4078
KTCC,35.1805 -103.6014
KIMM,26.4338 -81.4014
KIML,40.5103 -101.6201
KMBL,44.2714 -86.2377
KTCL,33.2122 -87.6155
KTCM,47.1377 -122.4765
K0F2,33.6011 -97.7735
KGIF,28.0614 -81.7568
KGIC,45.9411 -116.1326
K2V5,40.0993 -102.2431
KGHG,42.0983 -70.6722
KARW,32.4122 -80.6344
KEIK,40.0117 -105.0503
K82V,41.1533 -104.1302
KPIH,42.9203 -112.5711
KPIN,44.5343 -106.8049
KPIL,26.1597 -97.3378
KAFW,32.9733 -97.3181
KPIB,31.4671 -89.3371
KPIA,40.6675 -89.6839
KPIE,27.9126 -82.6855
KTTF,41.9400 -83.4347
KPIR,44.3827 -100.2860
KPIT,40.4814 -80.2083
KFFM,46.2865 -96.1534
KHAI,41.9597 -85.5934
KHAO,39.3612 -84.5206
KHVR,48.5428 -109.7633
KHAF,37.5136 -122.4996
KFFO,39.8261 -84.0483
KHAE,39.7252 -91.4439
KC09,41.4316 -88.4152
KNID,35.6854 -117.6920
KLMT,42.1470 -121.7255
KLMO,40.1611 -105.1604
KNIP,30.2347 -81.6746
KSGU,37.0906 -113.5931
KSGT,34.5995 -91.5750
KSGS,44.8601 -93.0320
KSGR,29.6223 -95.6565
KACK,41.2530 -70.0610
KACJ,32.1108 -84.1888
KDEQ,34.0470 -94.3994
KFQD,35.4282 -81.9351
KDEW,47.9689 -117.4211
KDET,42.4073 -83.0089
KRYY,34.0147 -84.5964
KSGF,37.2457 -93.3886
KDEH,43.2755 -91.7433
KACY,39.4520 -74.5670
KARL,41.6000 -106.2100
KACT,31.6180 -97.2283
KACV,40.9785 -124.1048
KACQ,44.0702 -93.5534
KSGJ,29.9592 -81.3410
KDED,29.0670 -81.2837
KSGH,39.8403 -83.8402
KAQW,42.6973 -73.1696
KAQV,31.4000 -93.2833
KCMA,34.2119 -119.0916
KAQR,34.3983 -96.1481
KAQP,45.2249 -96.0041
KSBO,32.6091 -82.3699
KCMI,40.0324 -88.2755
KCMH,39.9907 -82.8769
KHWO,25.9995 -80.2412
KAFN,42.8067 -72.0013
KHWV,40.8217 -72.8689
KCMR,35.3022 -112.1942
KAQO,30.7873 -98.6608
KHWY,38.5876 -77.7150
KSIB,42.4500 -105.0333
KCMY,43.9581 -90.7397
KCMX,47.1660 -88.4807
KMGG,45.2353 -93.9896
KSIF,36.4372 -79.8510
KDWH,30.0680 -95.5562
KAFJ,40.1365 -80.2902
KBWP,46.2443 -96.6072
KDWX,41.0370 -107.4998
KU28,39.0000 -110.1667
KBWI,39.1733 -76.6840
KBWG,36.9645 -86.4197
KBWD,31.7936 -98.9565
KJRB,40.7012 -74.0090
KLUX,34.5071 -81.9472
K79J,31.3087 -86.3938
KSUN,43.5038 -114.2956
KSUE,44.8394 -87.4219
KSUA,27.1816 -80.2252
KJCT,30.5105 -99.7665
KSUU,38.2667 -121.9500
KSUT,33.9292 -78.0722
KSUW,46.6833 -92.0925
KSUS,38.6572 -90.6558
KBKB,31.0217 -92.9107
KMQY,36.0090 -86.5201
KBKF,39.7133 -104.7581
KOEO,45.3108 -92.6948
KBKE,44.8430 -117.8099
KMQS,39.9790 -75.8655
KOEB,41.9308 -85.0543
KBKN,36.7451 -97.3496
KBKL,41.5173 -81.6832
KBKS,27.2067 -98.1211
KMQI,35.9190 -75.6955
KBKV,28.4739 -82.4537
KBKW,37.7873 -81.1242
KMQB,40.5176 -90.6481
K9L2,34.9908 -117.8631
KMQE,42.2121 -71.1142
KOWP,36.1753 -96.1518
KBYS,35.2805 -116.6300
KVVV,45.3057 -96.4244
KBYY,28.9731 -95.8633
KXFL,29.4674 -81.2063
KOWB,37.7388 -87.1668
KOWA,44.1191 -93.2569
KBYG,44.3812 -106.7195
KOWD,42.1912 -71.1733
KVVG,28.9444 -81.9701
KBYH,35.9643 -89.9439
KBYI,42.5453 -113.7686
KO86,40.9845 -122.6934
KO87,40.0167 -124.0667
KTBR,32.4831 -81.7372
KOKC,35.3886 -97.6003
KOKB,33.2194 -117.3494
KMCW,43.1544 -93.3261
K2G4,39.5827 -79.3418
KTBX,43.4670 -108.2380
KOKK,40.5282 -86.0590
KOKH,48.2515 -122.6737
KOKV,39.1435 -78.1444
KMCC,38.6676 -121.4006
KMCB,31.1784 -90.4719
KMCE,37.2848 -120.5139
KMCD,45.8663 -84.6344
KMCF,27.8493 -82.5212
KMCI,39.2972 -94.7306
KMCK,40.2040 -100.5904
KMCJ,29.7140 -95.3950
KOKZ,32.9667 -82.8382
KMCO,28.4183 -81.3241
KMCN,32.6889 -83.6529
KINF,28.8040 -82.3180
K1A6,36.6106 -83.7374
KIND,39.7252 -86.2816
KGNT,35.1653 -107.9021
KGNV,29.6917 -82.2760
KINL,48.5594 -93.3956
KINJ,32.0843 -97.0958
KINK,31.7801 -103.2018
KINW,35.0280 -110.7220
KINT,36.1335 -80.2244
KGNC,32.6753 -102.6527
KINS,36.5857 -115.6901
KCUL,38.0887 -88.1213
KEXX,35.7811 -80.3038
KHON,44.3852 -98.2286
KPHX,33.4277 -112.0038
KPHD,40.4719 -81.4236
KPHF,37.1322 -76.4940
KOAK,37.7178 -122.2329
K0E0,34.9837 -105.9958
KPHL,39.8733 -75.2268
KPHN,42.9103 -82.5332
KE38,30.3842 -103.6836
K2I0,37.3559 -87.3982
KE33,36.9000 -106.5833
KH21,37.9740 -92.6910
KWRB,32.6401 -83.5918
KWRL,43.9654 -107.9502
KWRI,40.0156 -74.5917
KTPH,38.0505 -117.0904
KTPL,31.1525 -97.4078
KB23,40.6000 -116.8667
KIPT,41.2430 -76.9217
KTPF,27.9152 -82.4518
KIPL,32.8342 -115.5786
KENW,42.5950 -87.9381
KIPJ,35.4833 -81.1612
KARR,41.7713 -88.4815
KARV,45.9264 -89.7307
KFFX,43.4393 -85.9949
KART,43.9888 -76.0262
KFFZ,33.4608 -111.7283
KFFT,38.1847 -84.9033
KCFE,45.1601 -93.8460
KHVN,41.2638 -72.8868
KHVS,34.4031 -80.1192
KFFL,41.0521 -91.9834
KCJR,38.5261 -77.8574
KARA,30.0292 -91.8845
KARG,36.1256 -90.9215
K5SM,39.4256 -107.3792
KFFA,36.0182 -75.6713
KFFC,33.3544 -84.5689
KJDN,47.3258 -106.9475
KBVY,42.5841 -70.9153
KDVN,41.6134 -90.5948
KDVL,48.1142 -98.9088
KDVK,37.5780 -84.7700
KBVS,48.4709 -122.4209
KBVR,42.5833 -108.2833
KBVU,35.9470 -114.8610
KBVI,40.7735 -80.3825
KF46,32.9322 -96.4348
KF44,32.1638 -95.8284
KBVO,36.7664 -96.0129
KBVN,41.7302 -98.0545
KDVT,33.6903 -112.0662
KBVE,29.3333 -89.4075
KDVP,43.9905 -95.7810
KJDD,32.7403 -95.4945
KGRD,34.2487 -82.1591
KGRF,47.0792 -122.5808
KGRB,44.4794 -88.1367
KGRI,40.9611 -98.3136
KGRK,31.0673 -97.8289
KGRR,42.8808 -85.5228
KAUH,40.8941 -97.9946
KDLL,43.5237 -89.7734
KAND,34.4978 -82.7097
KSUX,42.3914 -96.3792
